epoch,accuracy,loss,val_accuracy,val_loss
0,0.5689473748207092,0.9617473483085632,0.49513620138168335,1.0612239837646484
1,0.70333331823349,0.7187812924385071,0.5729572176933289,0.9358217120170593
2,0.7284210324287415,0.6712902784347534,0.5778210163116455,0.9034298062324524
3,0.7378947138786316,0.6300621628761292,0.6089494228363037,0.8251101970672607
4,0.7438596487045288,0.6065229177474976,0.6099221706390381,0.8194376230239868
5,0.7528070211410522,0.5829507112503052,0.6167315244674683,0.7770074009895325
6,0.7587719559669495,0.5642484426498413,0.5992217659950256,0.80509352684021
7,0.7642105221748352,0.5586977005004883,0.6332684755325317,0.7667417526245117
8,0.7752631306648254,0.536838173866272,0.6605058312416077,0.7241953015327454
