epoch,accuracy,loss,val_accuracy,val_loss
0,0.7189473509788513,0.5965790748596191,0.7840467095375061,0.7842249274253845
1,0.8754385709762573,0.3183990716934204,0.8881322741508484,0.4684440791606903
2,0.9173684120178223,0.2089223712682724,0.8900778293609619,0.29968318343162537
3,0.9394736886024475,0.15848685801029205,0.8968871831893921,0.2623938322067261
4,0.9424561262130737,0.16284777224063873,0.9319066405296326,0.1951403170824051
