epoch,accuracy,loss,val_accuracy,val_loss
0,0.711403489112854,0.6160017251968384,0.811284065246582,0.7314519286155701
1,0.8866666555404663,0.30712440609931946,0.8939688801765442,0.4194534420967102
2,0.9184210300445557,0.21141710877418518,0.9134241342544556,0.27140912413597107
3,0.9335087537765503,0.16959109902381897,0.9153696298599243,0.21993912756443024
4,0.9508771896362305,0.13585737347602844,0.9143968820571899,0.21854530274868011
